﻿Designator,Footprint,Quantity,Value,LCSC Part #
"C1, C10, C11, C12, C3, C8",0805,6,100nF,
C2,0805,1,.1u,
"C4, C5",0805,2,1n,
"C6, C7",0805,2,22pF,
C9,CP_Elec_5x3,1,10uF,
"D1, D4",D_MELF,2,SM4007,
"D2, D3",LED_D3.0mm,2,LED_3mm,
J1,"TerminalBlock_Phoenix_PT-1,5-3-5.0-H_1x03_P5.00mm_Horizontal",1,RELE,
J2,"TerminalBlock_Phoenix_PT-1,5-5-3.5-H_1x05_P3.50mm_Horizontal",1,SENSOR,
J3,USB_B_OST_USB-B1HSxx_Horizontal,1,USB3_B,
J4,BarrelJack_Horizontal,1,Barrel_Jack_Switch,
J5,PinHeader_1x04_P2.54mm_Vertical,1,PROG,
J6,"TerminalBlock_Phoenix_PT-1,5-4-3.5-H_1x04_P3.50mm_Horizontal",1,PH_SENSOR,
K1,Relay_SPDT_Omron-G5LE-1,1,G5LE-1,
"Q1, Q2, Q3",SOT-23,3,BC847,
"R1, R2, R7, R8, R9",0805,5,1k,
"R10, R11, R4, R6",0805,4,10k,
"R3, R5",0805,2,470,
SW1,SW_PUSH_6mm,1,BOOT,
SW2,SW_PUSH_6mm,1,EN,
U1,ESP32-WROOM-32,1,ESP32-WROOM-32,
U2,HOPERF_RFM9XW_SMD,1,RFM95W-915S2,
U3,SOIC-16_3.9x9.9mm_P1.27mm,1,CH340G,
U4,SOT-223-3_TabPin2,1,AMS1117-5.0,
U5,SOT-223-3_TabPin2,1,AMS1117-3.3,
Y1,Crystal_HC49-4H_Vertical,1,Crystal,
