﻿Designator,Footprint,Quantity,Value,LCSC Part #
"C1, C11, C12, C6, C8, C9",0805,6,100nF,
C10,CP_Elec_5x3,1,10uF,
C2,0805,1,.1u,
"C3, C5",0805,2,22pF,
"C4, C7",0805,2,1n,
D1,D_MELF,1,SM4007,
"D2, D3",LED_D3.0mm,2,LED_3mm,
J1,USB_B_OST_USB-B1HSxx_Horizontal,1,USB3_B,
J3,PinHeader_1x04_P2.54mm_Vertical,1,PROG,
J4,BarrelJack_Horizontal,1,Barrel_Jack_Switch,
"Q1, Q2",SOT-23,2,BC847,
"R1, R10, R2, R6",0805,4,10k,
"R3, R4, R7, R8",0805,4,1k,
"R5, R9",0805,2,470,
SW1,SW_PUSH_6mm,1,BOOT,
SW2,SW_PUSH_6mm,1,EN,
U1,ESP32-WROOM-32,1,ESP32-WROOM-32,
U2,SOIC-16_3.9x9.9mm_P1.27mm,1,CH340G,
U3,HOPERF_RFM9XW_SMD,1,RFM95W-915S2,
U4,SOT-223-3_TabPin2,1,AMS1117-5.0,
U5,SOT-223-3_TabPin2,1,AMS1117-3.3,
Y1,Crystal_HC49-4H_Vertical,1,Crystal,
